{
  "branch_count": 15,
  "circle_count": 32,
  "total_centerline_length": 554.3081636071802,
  "total_planform_area_proxy": 2771.540818035901,
  "total_wetted_surface_area_proxy": 6651.697963286162,
  "average_boundary_width": 5.0,
  "min_boundary_width": 2.0,
  "max_boundary_width": 8.0,
  "min_centerline_gap": 6.776682575398328,
  "hydraulic_diameter_average": 1.6666666666666667,
  "resistance_proxy_total_parallel": 0.29855958889083944,
  "resistance_proxy_cv": 0.2603708965957773,
  "length_cv": 0.2603708965957774,
  "max_curvature_proxy": 0.0025775262022727377,
  "symmetry_axis_y": 0.0,
  "symmetry_mean_error": 0.0,
  "symmetry_max_error": 0.0,
  "symmetry_unpaired_count": 0,
  "branch_metrics": [
    {
      "branch_id": "feed_to_snake_0",
      "branch_type": "feed_to_snake",
      "source_circle_id": "feed_0",
      "target_circle_id": "snake_1",
      "centerline_length": 50.024448316152515,
      "top_boundary_length": 45.24726565986742,
      "bottom_boundary_length": 45.027555876981644,
      "average_boundary_width": 5.0,
      "min_boundary_width": 2.0,
      "max_boundary_width": 8.0,
      "planform_area_proxy": 250.1222415807626,
      "cross_sectional_area": 5.0,
      "wetted_perimeter": 12.0,
      "hydraulic_diameter": 1.6666666666666667,
      "wetted_surface_area_proxy": 600.2933797938301,
      "resistance_proxy": 6.483168501773365,
      "entry_angle_degrees": 0.0,
      "exit_angle_degrees": 0.0,
      "max_curvature_proxy": 0.002067111564472025,
      "mean_curvature_proxy": 0.0007625738021054463
    },
    {
      "branch_id": "feed_to_snake_1",
      "branch_type": "feed_to_snake",
      "source_circle_id": "feed_1",
      "target_circle_id": "snake_2",
      "centerline_length": 46.01194517595316,
      "top_boundary_length": 41.21763738158246,
      "bottom_boundary_length": 41.054545167466856,
      "average_boundary_width": 5.0,
      "min_boundary_width": 2.0,
      "max_boundary_width": 8.0,
      "planform_area_proxy": 230.05972587976578,
      "cross_sectional_area": 5.0,
      "wetted_perimeter": 12.0,
      "hydraulic_diameter": 1.6666666666666667,
      "wetted_surface_area_proxy": 552.143342111438,
      "resistance_proxy": 5.963148094803528,
      "entry_angle_degrees": 0.0,
      "exit_angle_degrees": 0.0,
      "max_curvature_proxy": 0.0013943950048398222,
      "mean_curvature_proxy": 0.0005403251630923859
    },
    {
      "branch_id": "feed_to_snake_2",
      "branch_type": "feed_to_snake",
      "source_circle_id": "feed_2",
      "target_circle_id": "snake_3",
      "centerline_length": 46.00298664728124,
      "top_boundary_length": 41.166758130046674,
      "bottom_boundary_length": 41.0851868596706,
      "average_boundary_width": 5.0,
      "min_boundary_width": 2.0,
      "max_boundary_width": 8.0,
      "planform_area_proxy": 230.0149332364062,
      "cross_sectional_area": 5.0,
      "wetted_perimeter": 12.0,
      "hydraulic_diameter": 1.6666666666666667,
      "wetted_surface_area_proxy": 552.0358397673749,
      "resistance_proxy": 5.961987069487647,
      "entry_angle_degrees": 0.0,
      "exit_angle_degrees": 0.0,
      "max_curvature_proxy": 0.0006971983503847839,
      "mean_curvature_proxy": 0.0002701937246907255
    },
    {
      "branch_id": "feed_to_snake_3",
      "branch_type": "feed_to_snake",
      "source_circle_id": "feed_3",
      "target_circle_id": "snake_4",
      "centerline_length": 46.0,
      "top_boundary_length": 41.12259889707073,
      "bottom_boundary_length": 41.12259889707073,
      "average_boundary_width": 5.0,
      "min_boundary_width": 2.0,
      "max_boundary_width": 8.0,
      "planform_area_proxy": 230.0,
      "cross_sectional_area": 5.0,
      "wetted_perimeter": 12.0,
      "hydraulic_diameter": 1.6666666666666667,
      "wetted_surface_area_proxy": 552.0,
      "resistance_proxy": 5.961599999999999,
      "entry_angle_degrees": 0.0,
      "exit_angle_degrees": 0.0,
      "max_curvature_proxy": 0.0,
      "mean_curvature_proxy": 0.0
    },
    {
      "branch_id": "feed_to_snake_4",
      "branch_type": "feed_to_snake",
      "source_circle_id": "feed_4",
      "target_circle_id": "snake_5",
      "centerline_length": 46.00298664728124,
      "top_boundary_length": 41.0851868596706,
      "bottom_boundary_length": 41.166758130046674,
      "average_boundary_width": 5.0,
      "min_boundary_width": 2.0,
      "max_boundary_width": 8.0,
      "planform_area_proxy": 230.0149332364062,
      "cross_sectional_area": 5.0,
      "wetted_perimeter": 12.0,
      "hydraulic_diameter": 1.6666666666666667,
      "wetted_surface_area_proxy": 552.0358397673749,
      "resistance_proxy": 5.961987069487647,
      "entry_angle_degrees": 0.0,
      "exit_angle_degrees": 0.0,
      "max_curvature_proxy": 0.0006971983503847839,
      "mean_curvature_proxy": 0.0002701937246907255
    },
    {
      "branch_id": "feed_to_snake_5",
      "branch_type": "feed_to_snake",
      "source_circle_id": "feed_5",
      "target_circle_id": "snake_6",
      "centerline_length": 46.01194517595316,
      "top_boundary_length": 41.054545167466856,
      "bottom_boundary_length": 41.21763738158246,
      "average_boundary_width": 5.0,
      "min_boundary_width": 2.0,
      "max_boundary_width": 8.0,
      "planform_area_proxy": 230.05972587976578,
      "cross_sectional_area": 5.0,
      "wetted_perimeter": 12.0,
      "hydraulic_diameter": 1.6666666666666667,
      "wetted_surface_area_proxy": 552.143342111438,
      "resistance_proxy": 5.963148094803528,
      "entry_angle_degrees": 0.0,
      "exit_angle_degrees": 0.0,
      "max_curvature_proxy": 0.0013943950048398222,
      "mean_curvature_proxy": 0.0005403251630923859
    },
    {
      "branch_id": "feed_to_snake_6",
      "branch_type": "feed_to_snake",
      "source_circle_id": "feed_6",
      "target_circle_id": "snake_7",
      "centerline_length": 50.024448316152515,
      "top_boundary_length": 45.027555876981644,
      "bottom_boundary_length": 45.24726565986742,
      "average_boundary_width": 5.0,
      "min_boundary_width": 2.0,
      "max_boundary_width": 8.0,
      "planform_area_proxy": 250.1222415807626,
      "cross_sectional_area": 5.0,
      "wetted_perimeter": 12.0,
      "hydraulic_diameter": 1.6666666666666667,
      "wetted_surface_area_proxy": 600.2933797938301,
      "resistance_proxy": 6.483168501773365,
      "entry_angle_degrees": 0.0,
      "exit_angle_degrees": 0.0,
      "max_curvature_proxy": 0.002067111564472025,
      "mean_curvature_proxy": 0.0007625738021054463
    },
    {
      "branch_id": "dump_to_ladder_0",
      "branch_type": "dump_to_ladder",
      "source_circle_id": "dump_0",
      "target_circle_id": "ladder_0",
      "centerline_length": 28.066880330735362,
      "top_boundary_length": 23.63366326420826,
      "bottom_boundary_length": 23.044830374581608,
      "average_boundary_width": 4.999999999999999,
      "min_boundary_width": 2.0,
      "max_boundary_width": 8.0,
      "planform_area_proxy": 140.3344016536768,
      "cross_sectional_area": 4.999999999999999,
      "wetted_perimeter": 11.999999999999998,
      "hydraulic_diameter": 1.6666666666666665,
      "wetted_surface_area_proxy": 336.8025639688243,
      "resistance_proxy": 3.6374676908633043,
      "entry_angle_degrees": 0.0,
      "exit_angle_degrees": 0.0,
      "max_curvature_proxy": 0.0025775262022727377,
      "mean_curvature_proxy": 0.0013715705768116253
    },
    {
      "branch_id": "dump_to_ladder_1",
      "branch_type": "dump_to_ladder",
      "source_circle_id": "dump_1",
      "target_circle_id": "ladder_1",
      "centerline_length": 28.034152166149706,
      "top_boundary_length": 23.509542569922072,
      "bottom_boundary_length": 23.087728740977177,
      "average_boundary_width": 5.0,
      "min_boundary_width": 2.0,
      "max_boundary_width": 8.0,
      "planform_area_proxy": 140.17076083074852,
      "cross_sectional_area": 5.0,
      "wetted_perimeter": 12.0,